[
    {
        "name": "salesforce",
        "client": "",
        "_idClient": "",
        "essentials": [

        ],
        "routes": [
            {
                "endpoint": "/salesforce/dataextensions/send",
                "method": "post",
                "callback": "../services/salesforce/data_extensions/sendToDataExtension:default"
            },
            {
                "endpoint": "/salesforce/requests/status",
                "method": "post",
                "callback": "../services/salesforce/requests/getRequestStatus:default"
            }
        ],
        "consumers": []
    },
    {
        "name": "responsys",
        "client": "",
        "_idClient": "",
        "essentials": [

        ],
        "routes": [
            {
                "endpoint": "/responsys/contactlist/send",
                "method": "post",
                "callback": "../services/responsys/contact_list/sendToContactList:default"
            },
            {
                "endpoint": "/responsys/supplemental/send",
                "method": "post",
                "callback": "../services/responsys/supplemental/sendToSupplemental:default"
            },
            {
                "endpoint": "/responsys/trigger/send",
                "method": "post",
                "callback": "../services/responsys/trigger/sendToTrigger:default"
            },
            {
                "endpoint": "/responsys/pet/send",
                "method": "post",
                "callback": "../services/responsys/pet/sendToPet:default"
            }
        ],
        "consumers": []
    },
    {
        "name": "eialerta",
        "client": "",
        "_idClient": "",
        "essentials": [
            "../services/eialerta/schedule/tokenControl:default"
        ],
        "routes": [
            {
                "endpoint": "/eialerta/send/message/one",
                "method": "post",
                "callback": "../services/eialerta/sendMessage/sendMessageToOne:default"
            },
            {
                "endpoint": "/eialerta/callback/status",
                "method": "post",
                "callback": "../services/eialerta/sendMessage/sendMessageToMany:default"
            }
        ],
        "consumers": []
    }
]